filename,Pixel 1,Pixel 2,Pixel 3,Pixel 4,Pixel 5,Pixel 6,Pixel 7,Pixel 8,Pixel 9,Pixel 10,Pixel 11,Pixel 12,Pixel 13,Pixel 14,Pixel 15,Pixel 16,Pixel 17,Pixel 18,Pixel 19,Pixel 20,Pixel 21,Pixel 22,Pixel 23,Pixel 24,Pixel 25,Pixel 26,Pixel 27,Pixel 28,Pixel 29,Pixel 30,Pixel 31,Pixel 32,Pixel 33,Pixel 34,Pixel 35,Pixel 36,Pixel 37,Pixel 38,Pixel 39,Pixel 40,Pixel 41,Pixel 42,Pixel 43,Pixel 44,Pixel 45,Pixel 46,Pixel 47,Pixel 48,Pixel 49,Pixel 50,Pixel 51,Pixel 52,Pixel 53,Pixel 54,Pixel 55,Pixel 56,Pixel 57,Pixel 58,Pixel 59,Pixel 60,Pixel 61,Pixel 62,Pixel 63,Pixel 64,Pixel 65,Pixel 66,Pixel 67,Pixel 68,Pixel 69,Pixel 70,Pixel 71,Pixel 72,Pixel 73,Pixel 74,Pixel 75,Pixel 76,Pixel 77,Pixel 78,Pixel 79,Pixel 80,Pixel 81,Pixel 82,Pixel 83,Pixel 84,Pixel 85,Pixel 86,Pixel 87,Pixel 88,Pixel 89,Pixel 90,Pixel 91,Pixel 92,Pixel 93,Pixel 94,Pixel 95,Pixel 96,Pixel 97,Pixel 98,Pixel 99,Pixel 100
#_1.jpg,0.0,0.0,2.7616503578440306e-06,0.003544927657586831,0.034487468915599985,0.006257983682065686,0.0027267695947565352,0.0007704584019288858,3.581450891637778e-06,0.0,0.0,0.0,3.1338719904476625e-05,0.010112116414143009,0.05403616541683335,0.0071432609811377225,0.03144669712646877,0.009643067107092633,0.0014189142267710822,0.00017262651384080096,7.676260999397804e-10,5.199382679979218e-06,0.00022888102987141711,0.0163985712230127,0.05409343698106755,0.013785279034410899,0.0698125532421443,0.053883838749525265,0.03512130467890202,0.003817940232547514,1.426899567490802e-07,0.000628622189289564,0.014219818437378613,0.05340012257156183,0.09573810902149026,0.06560141301552393,0.10157257112459818,0.043724301527050466,0.014929554733043568,0.001375448637273535,4.292140744250844e-07,0.0013050724938979523,0.023481408947846512,0.06043389903351998,0.06763200000059272,0.01656806581400667,0.059546418210337015,0.013943191485110187,0.0002896468796598537,8.209695253009758e-06,3.482285617877157e-05,0.00022458913354257476,0.0013596411486773011,0.031270054992829165,0.046152833636489476,0.03050194513916609,0.10108534842692787,0.039196087737087826,0.0017912960523826012,1.4079326490602599e-06,0.004594625908202224,0.021923479399393056,0.0301260955092336,0.07459477586884103,0.09299747612149545,0.06414940527407072,0.07871295687053498,0.012133401721588503,0.00035225829769560465,2.6800736617528124e-07,0.009821501481204812,0.04394082474252068,0.0466471440181768,0.0704415841625632,0.045800030246856145,0.02053389109492571,0.0502025025406757,0.0027658158509596526,1.1243152316922424e-06,8.177749719122891e-10,0.0003396202671714238,0.001430575983733584,0.002096406817372725,0.03947944433519937,0.028019663003872836,0.01763236403387056,0.02728600636738929,0.0008527764062119814,0.0,0.0,0.0,0.0,0.0006856407520283759,0.028279674108426293,0.019066494895720973,0.0017682788608284563,0.0016688411662116479,3.3713589893904876e-05,0.0,0.0
#_10.jpg,0.0,0.0,0.0,1.7117049848254474e-08,0.00016936183059865526,0.0035173583890668247,0.008384695477593688,0.0005440320504957329,0.0,0.0,0.0,0.0,0.0,2.1087764900871954e-06,0.0022763530329368677,0.02456675448909104,0.02872102054018375,0.0017297723765184118,1.6106563039404133e-06,0.0,0.0,0.0,7.535786428252383e-07,4.984360077700127e-05,0.005382354238334799,0.04022210336944851,0.04303140547853066,0.007148432820442276,8.767665645928276e-05,0.0,0.0,0.0,0.00015433045138405675,0.005796991065901392,0.027352935443333528,0.07672489001683275,0.06249890306383009,0.008365638056197009,8.46558325232737e-05,0.0,0.0,0.0,0.0005310330429403934,0.017194400295645968,0.043678645157686984,0.05761852969021815,0.029768492941867758,0.0011834052258689845,2.222578797880018e-06,0.0,0.0,0.0,5.6068032997066904e-05,0.002133193730328604,0.02120227521255505,0.060171268759403006,0.047762483092706344,0.002995706167251903,5.8464095945883825e-06,0.0,0.0,0.0,0.00047908531052701705,0.017402534884972745,0.06177094293303382,0.06625936626712821,0.02823231825247178,0.0008181350659722807,7.77278129250416e-07,0.0,0.0,0.0,0.00015134262926749085,0.005726510390120803,0.03200618760849113,0.02817464593754202,0.013991795497237166,0.0002205240407407371,8.745076883428906e-10,0.0,0.0,0.0,8.002608275040751e-07,0.001268235278239385,0.02000087595130939,0.008199250335725728,0.0019958041010096055,2.7320184333909793e-05,0.0,0.0,0.0,0.0,0.0,0.00016967228326655466,0.0023149088187171003,0.0005659642383945834,1.256521711128537e-05,1.2907840742744415e-07,0.0,0.0
#_2.jpg,0.0,0.0,0.0,0.0,0.0,0.0,0.0,0.0,0.0,0.0,0.0,0.0,0.0,9.85575365993069e-06,0.00026013193982230053,0.0003015183567042245,0.00020223127436239994,3.794432840755277e-06,0.0,0.0,0.0,0.0,1.1046124115024746e-06,0.000455903365453276,0.009450543046731593,0.010417381193217449,0.007506527249052875,0.00019960033183856113,9.702731779868535e-08,0.0,0.0,0.0,0.00019727033893382647,0.007811075466460886,0.04113192517027601,0.047949608774892676,0.035086444251391506,0.0015807266532502618,1.3475165746363238e-06,0.0,0.0,0.0,0.000630065931316023,0.02045578163265354,0.06873615270081604,0.06454416688740687,0.032065343495005214,0.0009249993490018642,3.1126237195601524e-07,0.0,0.0,0.0,0.00012463220864503114,0.012532535037505664,0.06300284288564037,0.05669710253798496,0.02004150585942999,0.00038240339405537895,1.195576624749232e-09,0.0,0.0,0.0,2.9298027819497394e-05,0.006162647375749553,0.030911082025248872,0.025944298235289466,0.00552403791674969,2.835927004157546e-05,0.0,0.0,0.0,0.0,4.9804312519164626e-05,0.007093229892323515,0.020430309405421575,0.007407522482261957,0.001099290136766139,3.3622188016667294e-06,0.0,0.0,0.0,0.0,1.1833253270599554e-05,0.0012784079746287888,0.0025488358543807594,0.00018340791520953073,1.4454257439176643e-05,4.021935086139464e-08,0.0,0.0,0.0,0.0,7.025398043809015e-08,6.727554511665576e-06,1.138356461060893e-05,3.411414929941671e-07,0.0,0.0,0.0,0.0
#_3.jpg,0.0,0.0,0.0,8.74885439415509e-07,0.00014897900038715278,0.00044997820734110974,5.563081138881841e-05,1.4303307958071996e-06,0.0,0.0,0.0,0.0,0.0,2.2335525964369912e-05,0.0037957227855093473,0.012613866859445261,0.004448420532185455,0.00018054039867513563,1.2395485006394833e-07,0.0,0.0,0.0,9.785727509857922e-08,8.845153712817118e-05,0.009510706768273354,0.03741022391206206,0.03111572846209529,0.0028284245885113798,1.2638133865603154e-05,0.0,0.0,0.0,9.854563743577532e-06,0.002378008616226304,0.03379964858239332,0.07147405005898398,0.05194697096354619,0.004818134327720221,2.169651986626485e-05,0.0,0.0,0.0,2.26669341219771e-05,0.004013493560557605,0.04052964675944238,0.05574777451046174,0.03791461307552013,0.0017182944955198818,9.882494177289885e-07,0.0,0.0,0.0,0.00022025667296839062,0.012881077723582421,0.06174873895664637,0.058414754669398834,0.03411327770421833,0.0012708067003068943,4.3495215575220136e-07,0.0,0.0,0.0,0.00019141339226984235,0.00886951309464536,0.03604794139960127,0.027669796133289504,0.013078528899629857,0.00018440044471432207,8.747630097088837e-09,0.0,0.0,0.0,3.2102550504280237e-06,0.002495388432554855,0.023222920834518206,0.008719197722741113,0.0022286069116341204,1.854166149875804e-05,0.0,0.0,0.0,0.0,2.400653743947036e-10,0.000467749949168502,0.004166047668176531,0.0006885441313910234,2.1152800656128033e-05,1.3515975791533516e-07,0.0,0.0,0.0,0.0,3.38510742875457e-12,3.60465077087552e-06,3.1738142183724253e-05,4.814760617997704e-06,1.2554484624717813e-08,0.0,0.0,0.0
#_4.jpg,0.0,0.0,2.8314082595431622e-11,4.664113206080802e-05,0.000423316360816673,0.00023405665225084614,1.2875118029818318e-05,0.0,0.0,0.0,0.0,0.0,4.6047140698939606e-08,0.001495250316683077,0.014196637977171925,0.01047092962189428,0.000627138163252074,0.0,0.0,0.0,0.0,5.237423873157616e-09,5.227217051140639e-06,0.0037058130750414944,0.03448385721812935,0.03056515883634483,0.0029584233531126853,5.056535450833632e-05,0.0,0.0,0.0,1.6503088894218796e-06,0.0007256694852912123,0.014848433630727575,0.061302271495238383,0.06590196098578077,0.02086743866587829,0.0007358173762950374,0.0,0.0,0.0,8.811923941207928e-06,0.0029468983076921897,0.03272034417295258,0.06706580942544307,0.05059546961597875,0.007838991669612652,0.0001840209847386348,0.0,0.0,0.0,2.3073850449475216e-06,0.0010706206434789797,0.021092348737555673,0.07374746417187084,0.062419776892621404,0.0061679947002046005,2.424138527321184e-05,0.0,0.0,0.0,8.225159482493435e-06,0.0029468478429310785,0.031099856033054304,0.05680338882123102,0.033565496453302285,0.0017029449518304665,2.2125553910552086e-06,0.0,0.0,0.0,7.817350627429507e-07,0.00023161903345753554,0.00623130522198565,0.03648880163386341,0.020894620591621775,0.0007231435508828004,3.355349660706722e-10,0.0,0.0,0.0,1.1031728428428951e-11,9.056487592356428e-06,0.003007203843723185,0.018158296355205657,0.0037420294288647363,7.125556213844093e-05,0.0,0.0,0.0,0.0,0.0,6.252274902686737e-07,0.00020498099451058468,0.0011621232686294947,0.00012027915649443262,2.320434614423993e-07,0.0,0.0,0.0
#_5.jpg,0.0,0.0,0.0,1.1388689204689898e-06,3.220549555156601e-05,3.7178875922745064e-05,1.6235398028091694e-05,2.0956607075708848e-07,0.0,0.0,0.0,0.0,0.0,0.0001391757380402233,0.003788041901366659,0.00489806931511487,0.00203556708565675,2.334001664120338e-05,0.0,0.0,0.0,0.0,5.486000842273582e-13,0.0008644860359278507,0.020524965223306626,0.026653163467444403,0.009318134662035535,8.340606582363247e-05,0.0,0.0,0.0,0.0,1.9129804776222477e-06,0.0018162640030849571,0.03146116145607113,0.03945915409759289,0.01228267512002505,0.00011104032672256127,0.0,0.0,0.0,0.0,9.454616237581803e-05,0.010610388888396091,0.06589823371320766,0.07000260497222918,0.02041645677528225,0.0002679205678061809,0.0,0.0,0.0,0.0,0.0001495536911620225,0.014252619480667457,0.059703940741783576,0.05412201348315013,0.01016431103734775,6.771592946633374e-05,0.0,0.0,0.0,0.0,0.00012051922687202886,0.0147998869785886,0.05491832174017818,0.05206208223638367,0.00695168790177676,3.45561583171069e-05,0.0,0.0,0.0,0.0,0.00013073750292699296,0.010670819042935606,0.026081778962579315,0.025649485979735865,0.001273312005728642,6.606689975891522e-07,0.0,0.0,0.0,0.0,1.9544001841971984e-05,0.0013734513706005062,0.007943488571400738,0.010702279982772565,0.0003184488198935828,0.0,0.0,0.0,0.0,0.0,7.699266042524746e-08,8.06697134214583e-06,0.0002865576561820934,0.0004099085204697238,1.0416877701743944e-05,0.0,0.0,0.0
#_6.jpg,0.0,0.0,0.0,5.513416301808962e-07,0.00017106417133449636,0.0011366309191558348,0.0003634760870755403,5.313070828369558e-06,0.0,0.0,0.0,0.0,0.0,1.276163186503041e-05,0.0035165442578249996,0.023376698927553445,0.0092930983252357,0.0001488703525573438,1.0264696808284323e-12,0.0,0.0,0.0,5.759837151155216e-08,6.81716396018355e-05,0.00920905227496312,0.045755848105893365,0.021349770876965095,0.0004714464178496398,1.2378059879930665e-07,0.0,0.0,0.0,2.431887703792111e-05,0.003062176871739079,0.03583218111312131,0.08379425771352693,0.04397260355543395,0.0017953774044989154,1.1483557997457108e-06,0.0,0.0,0.0,0.00018901259673735757,0.013908561697908559,0.062443433223520264,0.06723801456556171,0.017837963844023225,0.0003540432227833553,1.7342998085255874e-07,0.0,0.0,0.0,0.0002436615349012553,0.015786024770852412,0.07532381638759642,0.07851844229702028,0.011043237048916984,4.5785120956583856e-05,3.85849493604604e-10,0.0,0.0,0.0,0.00011117674149745338,0.009522987410642869,0.053099706163541746,0.043364429042947454,0.0033406167036010553,3.7600748820436437e-06,0.0,0.0,0.0,0.0,1.8434740638099885e-05,0.0053204435252169925,0.038107726208875176,0.02713024611250142,0.0010193640295753262,6.421595346756435e-09,0.0,0.0,0.0,0.0,7.513134046097748e-06,0.0017790839221486507,0.010991826453727467,0.0067964667919150285,0.00017566123721347835,0.0,0.0,0.0,0.0,0.0,1.1536759089266658e-07,2.6047702168810648e-05,0.00015828895596340948,9.591311123831857e-05,2.228545885205814e-06,0.0,0.0,0.0
#_7.jpg,0.0,0.0,0.0,5.230358263247314e-05,0.0028814390273141136,0.0050385194114743875,0.003581670929388259,9.331755081297072e-05,0.0,0.0,0.0,0.0,0.0,0.00033296554479850384,0.015416497826775304,0.024552755661634104,0.017300505249135165,0.0004165937793028347,0.0,0.0,0.0,0.0,1.8968845677970924e-07,0.0007152105105513342,0.022487371549691257,0.03003445871138982,0.020978797913250736,0.0007307478756918918,2.6780955590045442e-06,0.0,0.0,0.0,0.00010207910244064327,0.006340091378588446,0.05125256101453574,0.06984505505239756,0.05309980687739398,0.007044948718137196,5.2666864092894724e-05,0.0,0.0,1.553342049253593e-07,0.000844510682207447,0.02557409561460254,0.06745329880684832,0.05509618390144199,0.027950146475687686,0.0024706048251223623,1.7090250776000532e-05,0.0,0.0,3.422543659478343e-05,0.003328467421219696,0.026585039600126842,0.0717690179631551,0.07535737101868928,0.02153104468597401,0.00024770699084224955,9.150325770911923e-08,0.0,0.0,0.00012398205151049551,0.010562472457882721,0.04823603118120822,0.05214480350924905,0.03772414400411557,0.007369346841416759,4.1802590401080534e-05,0.0,0.0,0.0,7.382219721409543e-06,0.0007655354048602427,0.015029279755994123,0.022648455429031756,0.027594041011506632,0.0036888499063659017,6.144878695269821e-06,0.0,0.0,0.0,0.0,5.968843696706228e-05,0.0035395211850773036,0.005073259479803397,0.007984393673302309,0.0008079982112995217,2.0892312746731163e-07,0.0,0.0,0.0,0.0,6.840282931443528e-07,3.7378817909579576e-05,5.849323281653445e-05,0.00012082185256914667,1.0868503150620286e-05,4.0425907043170135e-11,0.0,0.0
#_8.jpg,0.0,0.0,1.0991455696325828e-05,0.0012927783900564809,0.002746080018022171,0.000851511977876484,0.0001844457368070863,7.798881957530625e-07,0.0,0.0,0.0,0.0,0.00010363445970523287,0.010284920694310036,0.01907692532374708,0.015319209525108221,0.0035908192603416487,1.7977181604005374e-05,7.730348265248174e-12,0.0,0.0,1.227947251334853e-08,0.00019834995462753572,0.01554747392094889,0.029479235605438664,0.041265086725230375,0.014700883552193985,0.0004187964725152476,7.435970182175132e-10,0.0,0.0,1.9086433996251787e-06,0.0016137820423047051,0.03960811791574419,0.0687658657767891,0.07164286606881423,0.024310116568598182,0.0007883425192765142,1.1885613155986575e-09,0.0,0.0,5.436780422603221e-06,0.002622835291345601,0.03876061411151956,0.03712699761632886,0.04773931423261593,0.00784161235856051,5.463361150557432e-05,3.1556457872581806e-11,0.0,3.363473916326533e-08,5.138310298661044e-05,0.003039078239344289,0.04307023962394633,0.06515819783418986,0.06164692349689205,0.007307962386110239,3.371135400910158e-05,0.0,0.0,1.4434919610220038e-06,0.00149165383135836,0.02830316702424457,0.06720332132017218,0.03298323762172877,0.02890720043037759,0.0016179429392223252,7.414836600784169e-07,0.0,0.0,1.023771756986765e-06,0.0008347865197472933,0.011978529311876936,0.03339952158478919,0.019043579686889012,0.024120350468066293,0.000932123703488249,0.0,0.0,0.0,1.200012884080521e-08,8.297518290622433e-06,0.002146998310254151,0.02489051031578325,0.011392598574070559,0.011490591242592711,0.00036864556187537676,0.0,0.0,0.0,0.0,2.7499694753913516e-11,0.0004555654294564564,0.004930568444402964,0.0011933554771107356,0.00047099005262891193,1.4072136233048451e-05,0.0,0.0,0.0
#_9.jpg,0.0,0.0,0.0,2.7445604916910864e-07,1.4035904802460203e-05,0.0004658243111352178,0.0003995375980344236,5.936281606092392e-06,0.0,0.0,0.0,0.0,9.066375727693098e-10,0.00011339711662012588,0.0020054949327626727,0.010237110068467859,0.008768005191960648,0.00014190563075792276,0.0,0.0,0.0,3.5187814226959932e-06,0.0002327928804909817,0.0035095804426976676,0.02919352120281167,0.04530679415212401,0.02900564125057923,0.0006694783160058168,0.0,0.0,0.0,0.00027422920613788277,0.0118540539751433,0.04277986314852829,0.07607681906001387,0.0592164577061632,0.027358530678614948,0.000548830118942044,0.0,0.0,0.0,0.0003759955030459511,0.012365803587539526,0.023102691680385715,0.03687972012187618,0.02811628453099793,0.014484788345063815,0.00016775915693948405,0.0,0.0,0.0,1.0111938442642921e-05,0.0004389235981676349,0.008304642356559096,0.040203815362527796,0.04720039900383095,0.01641366593547895,0.00016737534904083588,0.0,0.0,0.0,6.823542035961589e-05,0.007251463764530018,0.048144821091451497,0.07832687573986213,0.06808415415443293,0.014195276181505886,0.00012998707951594044,0.0,0.0,0.0,6.631309251630348e-05,0.005927600811630941,0.032064785552496984,0.03582180930241696,0.032747967322444,0.0028892307749607705,3.838962255913446e-06,0.0,0.0,0.0,1.0909472985003649e-06,0.0006199925224426635,0.02044183609814781,0.02616550231993018,0.02449503955464003,0.0010150087121648505,6.7644575846174305e-09,0.0,0.0,0.0,0.0,0.0003508625911191733,0.008781503724864205,0.008291825346507938,0.006874019016765131,0.00019402379063891326,0.0,0.0,0.0
+_1.jpg,0.0,0.0,0.0,1.0105568684425811e-07,6.816925552470655e-06,7.899462021590818e-06,1.5722544458092328e-07,0.0,0.0,0.0,0.0,0.0,0.0,2.3498205648589128e-05,0.001473572182479923,0.0015982298073008592,2.9966424777619767e-05,0.0,0.0,0.0,0.0,0.0,0.0,0.00019249468106814327,0.011041386127896369,0.01095600012138909,0.00018825477283687905,0.0,0.0,0.0,0.0,6.416407039971975e-10,1.0686221776475864e-06,0.00020556939940244705,0.012292654708707393,0.014334783773750533,0.0003213971747010044,1.7722629029462996e-05,1.0795530033460882e-06,4.077099571197954e-12,0.0,1.3435843051849567e-07,0.00026674171307834667,0.004716536524107964,0.014656837811455234,0.020808399150058283,0.005996691570932184,0.0035142715881650256,0.0001792453917236997,5.11948315341096e-10,0.0,4.5785297417155194e-07,0.0010965236818534696,0.02039184324012815,0.03654852816181327,0.042010968632299195,0.025732200997848037,0.012116980941889923,0.0005042380272471445,1.1089754200935125e-09,0.0,2.5377677143299684e-08,7.410891782649582e-05,0.00148997166534782,0.00773963315003536,0.018564593144258717,0.002744988114583735,0.000722267415190935,2.4173892348370842e-05,4.139184614349724e-11,0.0,0.0,0.0,5.339278187506853e-05,0.00754367998888039,0.019140302105097998,0.0008718563176386865,0.0,0.0,0.0,0.0,0.0,0.0,5.147826364744774e-05,0.006327948694672011,0.014616600307855866,0.0006509934870562144,0.0,0.0,0.0,0.0,0.0,0.0,2.181300427100844e-06,0.00026651695773991305,0.000618365318885074,2.792285933945572e-05,0.0,0.0,0.0
+_10.jpg,0.0,0.0,0.0,1.0114036643024021e-06,5.653568848845217e-05,5.418350103891182e-05,8.902722783877481e-07,0.0,0.0,0.0,0.0,0.0,0.0,7.135238433787762e-05,0.0038323080485843514,0.0035345064986840183,5.5975559102274506e-05,0.0,0.0,0.0,0.0,0.0,0.0,0.00026627878518858397,0.013414305894404498,0.011587666353600166,0.00017167022601776122,0.0,0.0,0.0,0.0,1.2761212181618458e-06,0.00017970163620278546,0.000967894207179393,0.01499050052723241,0.012842682863636599,0.0008075223268614073,6.341868781736075e-05,1.907577752515983e-07,0.0,0.0,2.3306710815043595e-05,0.004035306009854171,0.021888864085081117,0.035910070806075514,0.03310090910360465,0.015570377436582596,0.0015370844848342751,4.623194693476368e-06,0.0,0.0,9.791417919271248e-06,0.002179562290756947,0.014723782330246151,0.02336822401422882,0.020591625277761004,0.006318532869033314,0.0006100409753770962,1.834891022264811e-06,0.0,0.0,9.251318103592871e-08,2.50950571123205e-05,0.0003538884881893185,0.011362063023352801,0.012704859349605427,0.00028309024461180624,3.965655949185983e-06,1.1928907329635058e-08,0.0,0.0,0.0,0.0,0.00014005721919754216,0.008859932143570105,0.009627757361385034,0.0001796649939088445,0.0,0.0,0.0,0.0,0.0,0.0,1.7594651158525146e-05,0.0010446739289282495,0.001065997862994387,1.8694208534248566e-05,0.0,0.0,0.0,0.0,0.0,0.0,6.574197257954067e-08,3.736501846983047e-06,3.6410891601667594e-06,6.083488043720989e-08,0.0,0.0,0.0
+_2.jpg,0.0,0.0,0.0,2.67323863515482e-05,0.001140087192735738,0.0008347093648182035,1.0492518835439706e-05,0.0,0.0,0.0,0.0,0.0,0.0,0.00023645313446856282,0.010826079766973412,0.008558800569712114,0.00011695262653779857,0.0,0.0,0.0,0.0,0.0,5.403302997788842e-07,0.000220888362581384,0.01199287714828512,0.011776692022500108,0.00020646186419742655,2.985251421503032e-06,2.2133807872776593e-07,3.819085339122459e-10,0.0,0.0,0.0001515577825432775,0.0030122825540363583,0.01318582266180946,0.014598503042928332,0.0034667673064497345,0.0019880897264837436,0.00014704797534337828,2.522728034880619e-07,0.0,0.0,0.0007308349378689298,0.01664806330962537,0.035828586984999945,0.035636769238964736,0.023046017555345667,0.01400477304850686,0.0010352847322749059,1.7737898536452714e-06,0.0,0.0,6.294691491780249e-05,0.0017644969438336002,0.011564284871874332,0.013991885035356273,0.0028650801368429128,0.001604926795054734,0.00011859163672566825,2.0298183435452428e-07,0.0,0.0,0.0,0.00012014434435133223,0.009112384081192183,0.011838723865989002,0.00026353587117501837,0.0,0.0,0.0,0.0,0.0,0.0,0.00010198305173863187,0.007787247587606383,0.010315980594859407,0.0002379827009209011,0.0,0.0,0.0,0.0,0.0,0.0,9.196825517351846e-06,0.0007445829303322016,0.0010574356084306796,2.642445033992763e-05,0.0,0.0,0.0,0.0,0.0,0.0,1.823883331520578e-08,1.6075958061227858e-06,2.4849395958266333e-06,6.736144134471999e-08,0.0,0.0,0.0
+_3.jpg,0.0,0.0,0.0,0.0004682645952391079,0.006124467793198033,0.0013886433351953185,5.470301361619177e-06,0.0,0.0,0.0,0.0,0.0,0.0,0.0010701619260297395,0.017091468579604557,0.004883762648782909,2.5073381952841e-05,0.0,0.0,0.0,0.0,1.3887373807096893e-06,6.551679370387015e-05,0.0006183898020205095,0.013280305969694421,0.005823349668171404,9.622196491662281e-05,3.762792938003202e-05,1.513738682868238e-06,0.0,0.0,7.475859160615372e-05,0.004219508317813086,0.008597588306754885,0.015526854541732084,0.011318181095724859,0.006786172891072093,0.0037130461584047995,0.0001332751487301694,0.0,0.0,7.414154062974836e-05,0.005637163190152212,0.02096309599178108,0.029335356516696918,0.023179973594753232,0.015395178033496302,0.006326035446401801,0.000199253723978224,0.0,0.0,1.425474742609054e-06,0.00016710148076036317,0.001383282480984249,0.011381635013562057,0.006919648069888878,0.0006666097100584437,0.00018637217617386117,5.06567090356117e-06,0.0,0.0,0.0,0.0,0.0003289793165889347,0.010779781981875073,0.006071955557749503,5.875626943610729e-05,0.0,0.0,0.0,0.0,0.0,0.0,0.0003912568131706776,0.010683625752302599,0.005042568945191195,4.1158132389085095e-05,0.0,0.0,0.0,0.0,0.0,0.0,0.00010989132255134853,0.002739267804552248,0.0011705815579068227,8.57782731477732e-06,0.0,0.0,0.0,0.0,0.0,0.0,1.256779920770456e-06,3.074982257820549e-05,1.2873972382714987e-05,9.223047772663728e-08,0.0,0.0,0.0
+_4.jpg,0.0,0.0,0.0,2.1764586763223747e-05,0.00039579597249226565,0.0001235072731636766,6.612307463443526e-07,0.0,0.0,0.0,0.0,0.0,0.0,0.0005887495466301281,0.010111442066883466,0.0029878766768800464,1.5189500809161668e-05,0.0,0.0,0.0,0.0,2.656403035698277e-09,1.451968348893705e-06,0.0012963685403224357,0.020182101359532384,0.005471180712502558,4.482718266562184e-05,1.001616023572986e-06,0.0,0.0,0.0,5.53978237769912e-07,0.00034649275103181725,0.005410149087760296,0.02335271681611642,0.010928588876958807,0.003846202236086279,0.00016556669416488507,0.0,0.0,0.0,1.9231349787686336e-06,0.001397997159185452,0.02069582154379436,0.04377823085956868,0.033444330312533445,0.013333437952128204,0.0004740614429859714,0.0,0.0,0.0,1.1127469815389025e-07,9.537408626172735e-05,0.001927872069092258,0.015646126431752776,0.010512703966487444,0.0009124882830531027,2.3636823784952493e-05,0.0,0.0,0.0,0.0,5.099203300798972e-12,0.0002614798027107519,0.012985383773017639,0.011179859316627695,0.0001665679639547272,0.0,0.0,0.0,0.0,0.0,0.0,0.00015559182282430927,0.008767524284055472,0.00848625555833026,0.00014113959026104355,0.0,0.0,0.0,0.0,0.0,0.0,1.0815086004234009e-05,0.0006369951567877991,0.0006454902908736681,1.125883109424262e-05,0.0,0.0,0.0,0.0,0.0,0.0,1.5892329608148887e-08,9.904175030861313e-07,1.062485503917789e-06,1.9620623787617335e-08,0.0,0.0,0.0
+_5.jpg,0.0,0.0,0.0,9.084254733296097e-08,6.816009543195406e-06,8.754799548341683e-06,1.9249891276162628e-07,0.0,0.0,0.0,0.0,0.0,0.0,1.77221550056413e-05,0.0013396010039917403,0.0017333718160245657,3.839357934694083e-05,0.0,0.0,0.0,0.0,0.0,0.0,0.00012075641232095922,0.009236781638796019,0.012092993232337064,0.0002709840014409917,0.0,0.0,0.0,0.0,0.0,1.1819652200689628e-06,0.0002870708663854205,0.011583974543310626,0.015085261571309712,0.0008241640843082172,4.630037672111244e-05,1.2403990786567196e-07,0.0,0.0,0.0,2.8443870742645144e-05,0.0036604525646500912,0.028235220264428932,0.03368491526873333,0.014309195673984277,0.0013047449462370612,3.496811821905422e-06,0.0,0.0,0.0,1.131706095226492e-05,0.0015523008460038845,0.01801208079139742,0.022190997299958843,0.006764253963307203,0.0006080344440653183,1.630691353344644e-06,0.0,0.0,0.0,7.445723528650431e-08,0.00015079442144149384,0.009932945684159806,0.01187787209294665,0.0002912757153740417,4.686812900048984e-06,1.2582718487879507e-08,0.0,0.0,0.0,0.0,2.4875696797367132e-05,0.0017154936713968862,0.002024860179817501,4.090656667228767e-05,0.0,0.0,0.0,0.0,0.0,0.0,1.6414013477957635e-07,1.1238689530567997e-05,1.3171122774052575e-05,2.6420154981516646e-07,0.0,0.0,0.0,0.0,0.0,0.0,0.0,0.0,0.0,0.0,0.0,0.0,0.0
+_6.jpg,0.0,0.0,2.641258499517915e-08,1.379828963536832e-05,9.604746178244621e-05,1.1479162367796359e-05,8.546478796613458e-10,0.0,0.0,0.0,0.0,0.0,1.06515570196543e-06,0.0008595450769951628,0.006272018120628345,0.0007871574955677272,2.707778427391647e-07,0.0,0.0,0.0,0.0,0.0,7.813685844531473e-07,0.0026324386848429176,0.02083025623103692,0.002830683563591745,3.2381487856553915e-06,0.0,0.0,0.0,6.37737535816342e-08,1.859744297018686e-05,0.0001163003701705257,0.00245283719947532,0.021130704785049373,0.003455508348024515,0.00033013881769685126,6.977331345712644e-05,5.71281061629903e-07,0.0,3.6141138617988372e-06,0.001296488562200775,0.011068948938958522,0.012218933465175134,0.030866672189320966,0.01929262930274214,0.01557604720755075,0.003065265093432148,2.39403733698848e-05,0.0,3.497061073095627e-06,0.0017069132139070722,0.020834451162197752,0.028716567509532855,0.038738202480815345,0.018718808042484426,0.012269744824677025,0.0021952856368478374,1.6303233208632106e-05,0.0,5.808742453330028e-08,4.28892265544439e-05,0.000737377387393537,0.0032222988861276307,0.02065736514801101,0.0036122796004282665,0.00016716952771155566,2.5637218569786285e-05,1.804724923824108e-07,0.0,0.0,0.0,1.171306368951689e-06,0.0023102992628108885,0.0196021060769109,0.0028966952361016403,5.86556635270226e-06,0.0,0.0,0.0,0.0,0.0,9.238755298118443e-07,0.0006046545073634121,0.004388183207841689,0.0005528022412444442,3.8340195592565317e-07,0.0,0.0,0.0,0.0,0.0,1.3020629902055775e-08,6.023497652994605e-06,4.076287304798175e-05,4.747448982449776e-06,5.520187868802351e-10,0.0,0.0,0.0
+_7.jpg,0.0,0.0,0.0,2.9912739215390186e-08,0.0002206494622021506,0.0017273923579350882,0.00023166737320081846,1.7076543783898275e-07,0.0,0.0,0.0,0.0,0.0,8.877492656002189e-08,0.0020034590559817747,0.016210624157026076,0.002246977329101902,3.1896405492168603e-06,0.0,0.0,0.0,0.0,0.0,1.538444253935146e-08,0.0024492186860766985,0.020217750031908212,0.002856590140341801,5.272029362890874e-06,0.0,0.0,0.0,3.480422146805411e-08,2.007996344664915e-05,0.00021716035099953699,0.002463550059188895,0.01772204114901132,0.0029851906363069633,0.00024725410695079704,3.517999650139721e-06,0.0,0.0,1.434995792948488e-06,0.0010116280252371007,0.013353153487021374,0.019543541838942573,0.03445784662907321,0.023569877442984485,0.00628985205979335,8.368667568072518e-05,0.0,0.0,9.722701246241178e-07,0.0008811713123479745,0.0143468412206442,0.024654313612032786,0.03448657419720021,0.014018575522566794,0.002675200459936529,3.265256044940366e-05,0.0,0.0,1.0826174348378995e-08,1.3312893272346697e-05,0.0002680581778365052,0.00291365230598459,0.019008977148701266,0.002610688399197712,2.1172397183579564e-05,2.090057674798295e-07,0.0,0.0,0.0,0.0,1.661516172075175e-07,0.0010212250412116848,0.00964910239266348,0.0015948785521898872,4.1346912508546975e-06,0.0,0.0,0.0,0.0,0.0,2.2801462221163412e-10,3.240411220845976e-05,0.0003425563109329076,6.25733346548587e-05,1.9533331285832756e-07,0.0,0.0,0.0,0.0,0.0,0.0,0.0,0.0,0.0,0.0,0.0,0.0
+_8.jpg,0.0,0.0,2.402067721811447e-06,0.00017704100561986445,0.0003365829747547798,1.3929739484892913e-05,0.0,0.0,0.0,0.0,0.0,0.0,1.7544543598553788e-05,0.002997926798119248,0.008933989557988171,0.0004653697207254433,1.4371274446041642e-12,0.0,0.0,0.0,0.0,0.0,2.387431369969855e-05,0.005300290740095526,0.02129599292665206,0.0015893007734693976,3.651367307058673e-05,4.43032554490596e-06,9.481768470222243e-09,0.0,0.0,4.675721043328179e-06,9.667924736957631e-05,0.003356002252375465,0.023204640030284905,0.006515235564027035,0.005283273819226007,0.000499717084839159,8.839197160957213e-07,0.0,0.0,0.00030220724141346645,0.007139841211968407,0.015805755106522087,0.03923366153180113,0.027640635833801462,0.015516669620256381,0.0010262500702800078,1.3837911901815702e-06,0.0,0.0,0.0004109123387334653,0.01163366201623401,0.02031880012825831,0.028390100981522233,0.007146431973406258,0.0009746642332415139,3.9590496599969946e-05,3.6391473391663045e-08,0.0,0.0,1.1444750849478607e-05,0.00036861365831260804,0.002902588814259581,0.020569527811827287,0.003054241915373674,6.21961170087168e-06,1.6442136200651643e-11,0.0,0.0,0.0,0.0,1.9006413876560988e-06,0.0011144238546725873,0.007959204338499365,0.000981554207044048,4.179169408752647e-07,0.0,0.0,0.0,0.0,0.0,6.234634184137706e-08,2.691216069009763e-05,0.00018194436586414737,2.1095359864870718e-05,8.534719351438607e-10,0.0,0.0,0.0,0.0,0.0,0.0,0.0,0.0,0.0,0.0,0.0,0.0,0.0
+_9.jpg,0.0,0.0,0.0,6.4975747736064e-08,8.032710339501477e-06,1.700221146412415e-05,6.161589273433579e-07,0.0,0.0,0.0,0.0,0.0,0.0,9.630416372314756e-06,0.001210978135938794,0.002608182849328504,9.621888489916709e-05,0.0,0.0,0.0,0.0,0.0,0.0,5.245742495415877e-05,0.006860796589852355,0.01538209298834118,0.0005912021906090051,0.0,0.0,0.0,0.0,2.2540059376348752e-07,5.202874127144591e-05,0.0003192771168549486,0.0070093649912354155,0.01670179812363343,0.0007434481914706948,3.608590481759769e-05,1.2210928113466863e-06,0.0,0.0,5.9670622578466024e-06,0.0016244194288585322,0.011728494095156724,0.01527342681560801,0.0215444414150742,0.007884379268459954,0.003501493722689074,0.00010376177148832179,0.0,0.0,2.696828228969592e-06,0.0009490141625320229,0.010684802097608324,0.023670161426619908,0.030470479461187736,0.016605855676395134,0.005900193750288004,0.00014961913742830805,0.0,0.0,2.0890627825519927e-08,1.0762386769222587e-05,0.0003068616785149606,0.00883264282766063,0.01213313495353127,0.0008889827776980391,0.00017291167846241416,3.6746588367374696e-06,0.0,0.0,0.0,0.0,0.00018674470423707962,0.009731441333706091,0.009018326973551809,0.0001488447746866753,0.0,0.0,0.0,0.0,0.0,0.0,7.498203809694663e-05,0.0031827394500913717,0.0023469159503458283,3.0126566997996595e-05,0.0,0.0,0.0,0.0,0.0,0.0,1.2267724435549126e-06,4.8621307442968525e-05,3.313006033996587e-05,3.882923818517118e-07,0.0,0.0,0.0
-_1.jpg,0.0,0.0,0.0,0.0,0.0,0.0,0.0,0.0,0.0,0.0,0.0,0.0,0.0,0.0,0.0,0.0,0.0,0.0,0.0,0.0,0.0,3.547646809621876e-08,3.850888410279754e-06,1.8856132763181407e-05,3.3814354372531535e-05,6.489706457406457e-05,8.399755705731723e-05,1.9975959487620697e-05,1.8557504365007038e-07,0.0,0.0,1.0314249187693412e-05,0.0011188968019652918,0.005319096183861191,0.007211490042741279,0.009391718418204896,0.009600696763193755,0.0020921681159680504,1.8876942513846595e-05,0.0,0.0,4.858658870743244e-05,0.005267366173027506,0.02442859444717862,0.025988941998349536,0.022672130544819397,0.017943928103825543,0.00355846872591471,3.112349642862527e-05,0.0,0.0,3.709632877164745e-06,0.0004019050308980539,0.0018251627963805903,0.0015775629649202234,0.0009167011758478743,0.0005490920849492544,9.833604017492169e-05,8.320047499721255e-07,0.0,0.0,0.0,0.0,0.0,0.0,0.0,0.0,0.0,0.0,0.0,0.0,0.0,0.0,0.0,0.0,0.0,0.0,0.0,0.0,0.0,0.0,0.0,0.0,0.0,0.0,0.0,0.0,0.0,0.0,0.0,0.0,0.0,0.0,0.0,0.0,0.0,0.0,0.0,0.0,0.0
-_10.jpg,0.0,0.0,0.0,0.0,0.0,0.0,0.0,0.0,0.0,0.0,0.0,9.79392767241715e-09,2.7170912736081195e-06,5.026115208363035e-05,0.00027081495664973585,0.0009024161875333973,0.0010879756529659306,8.883306785159784e-05,1.2224643413575318e-07,0.0,2.8590893192154033e-07,9.311116991717481e-05,0.001792155288267277,0.007538753699437316,0.015979853747148803,0.02618285442267691,0.021212929038463616,0.001425955081115934,1.512414416770678e-06,0.0,1.5973886640083037e-05,0.0030715468106616,0.022850395149633156,0.026435174549823047,0.01866393091413918,0.01363113249511032,0.007137442440889118,0.0003939309246979907,3.0571677772303195e-07,0.0,1.563490597923636e-05,0.0022635360918364525,0.008776519069024366,0.0025957357785597376,0.0004594827500620155,0.00013014912944648733,4.11458384382211e-05,1.8652987343504391e-06,1.0107804440877128e-09,0.0,2.6322027174011857e-07,3.265638990658752e-05,8.755994557206895e-05,7.1443422698491525e-06,2.244615087342155e-08,0.0,0.0,0.0,0.0,0.0,0.0,0.0,0.0,0.0,0.0,0.0,0.0,0.0,0.0,0.0,0.0,0.0,0.0,0.0,0.0,0.0,0.0,0.0,0.0,0.0,0.0,0.0,0.0,0.0,0.0,0.0,0.0,0.0,0.0,0.0,0.0,0.0,0.0,0.0,0.0,0.0,0.0,0.0,0.0,0.0
-_2.jpg,0.0,0.0,0.0,0.0,0.0,0.0,0.0,0.0,0.0,0.0,0.0,0.0,0.0,0.0,0.0,0.0,0.0,0.0,0.0,0.0,0.0,1.2111005657756594e-06,0.0001298049346333221,0.0005533040287673758,0.0007220090568109299,0.0009695173876815976,0.0006678691075391397,4.987357030559203e-05,8.51159165966217e-08,0.0,0.0,4.450317431777693e-05,0.005239983377827104,0.02442949854492904,0.02606771715189862,0.02683345446363269,0.01777872372230283,0.0013265036473570867,2.263754012996141e-06,0.0,0.0,2.7093037018457526e-05,0.0034892125011123337,0.017479317185774126,0.015569767217876795,0.011951321888506672,0.007560957169397822,0.0005636528233571043,9.619168537897088e-07,0.0,0.0,2.7273932668944166e-07,3.811999547120586e-05,0.00020201357611591817,0.0001535950435889329,8.583875829284961e-05,5.137166669006759e-05,3.826302515018367e-06,6.530327394926944e-09,0.0,0.0,0.0,0.0,0.0,0.0,0.0,0.0,0.0,0.0,0.0,0.0,0.0,0.0,0.0,0.0,0.0,0.0,0.0,0.0,0.0,0.0,0.0,0.0,0.0,0.0,0.0,0.0,0.0,0.0,0.0,0.0,0.0,0.0,0.0,0.0,0.0,0.0,0.0,0.0,0.0
-_3.jpg,0.0,0.0,0.0,0.0,0.0,0.0,0.0,0.0,0.0,0.0,0.0,0.0,0.0,0.0,2.4711955580484937e-12,8.22034270144911e-10,4.66480225502626e-09,4.658201052716404e-10,0.0,0.0,0.0,2.785710181599986e-07,5.773902513239665e-05,0.0003961643924409611,0.00043020310204444835,0.0006719233189956395,0.0007378246868954606,3.959206684983371e-05,0.0,0.0,0.0,1.0502596150693762e-05,0.002207343226039806,0.016075573349913653,0.019628893655503424,0.02098986546619555,0.012359162133666876,0.0005159464251807929,0.0,0.0,0.0,6.446966318981113e-06,0.001375537016368415,0.010688205557419022,0.014681442325280864,0.012416355213366523,0.004005672477111761,0.00011869276240038822,0.0,0.0,0.0,6.443174424157672e-08,1.3974438094288274e-05,0.00011647451124742671,0.00017966330038551268,0.00013089348993800638,2.5405331083701143e-05,4.934741568099058e-07,0.0,0.0,0.0,0.0,0.0,0.0,0.0,0.0,0.0,0.0,0.0,0.0,0.0,0.0,0.0,0.0,0.0,0.0,0.0,0.0,0.0,0.0,0.0,0.0,0.0,0.0,0.0,0.0,0.0,0.0,0.0,0.0,0.0,0.0,0.0,0.0,0.0,0.0,0.0,0.0,0.0,0.0
-_4.jpg,0.0,0.0,0.0,0.0,0.0,0.0,0.0,0.0,0.0,0.0,0.0,7.589549504583792e-08,6.681835896896592e-06,2.5955230135365772e-05,4.678976113854571e-05,0.00014985790418500113,0.00038226705447165005,0.0001300926430454547,1.431954531427241e-06,0.0,0.0,1.8914791943092287e-05,0.0017585264202283025,0.007125150694415199,0.008621593217755918,0.012768872169814864,0.01575901893413648,0.0038521774265705975,3.7623122890611975e-05,0.0,0.0,7.725021774906657e-05,0.007582146341540687,0.03202794389405569,0.028796505075108236,0.020569365110562562,0.012146019202072186,0.0019564827704201893,1.6301220414993002e-05,0.0,0.0,5.168022775729248e-06,0.0005350787332065626,0.002351670117041723,0.0017008073689930598,0.0006212484414357404,0.00017660827470273888,1.731343101574832e-05,1.1671176473005628e-07,0.0,0.0,0.0,0.0,0.0,0.0,0.0,0.0,0.0,0.0,0.0,0.0,0.0,0.0,0.0,0.0,0.0,0.0,0.0,0.0,0.0,0.0,0.0,0.0,0.0,0.0,0.0,0.0,0.0,0.0,0.0,0.0,0.0,0.0,0.0,0.0,0.0,0.0,0.0,0.0,0.0,0.0,0.0,0.0,0.0,0.0,0.0,0.0,0.0,0.0,0.0
-_5.jpg,0.0,0.0,0.0,0.0,0.0,0.0,0.0,0.0,0.0,0.0,0.0,0.0,0.0,0.0,0.0,0.0,0.0,0.0,0.0,0.0,0.0,5.472989364747759e-07,3.5874296687439376e-05,6.565805122144123e-05,3.119695740957802e-05,3.216016669163446e-05,3.4439808828059745e-05,8.48931817642679e-06,8.860162411082215e-08,0.0,0.0,4.72929231669606e-05,0.003710418317364729,0.010270255649772745,0.007621291886422295,0.007352055289149732,0.006878902235061666,0.0015888999316437807,1.618229750616233e-05,0.0,0.0,7.328321907646248e-05,0.007256944799576236,0.030373008138148985,0.02994890321199812,0.026883905181006036,0.021952446020126432,0.004739528363841171,4.70576654045299e-05,0.0,0.0,2.059082725116191e-06,0.0002656139293943859,0.0015921135441207348,0.0018862396221989446,0.0015745232724285801,0.0011210721252584563,0.00022563758894047996,2.1818006998568527e-06,0.0,0.0,0.0,0.0,0.0,0.0,0.0,0.0,0.0,0.0,0.0,0.0,0.0,0.0,0.0,0.0,0.0,0.0,0.0,0.0,0.0,0.0,0.0,0.0,0.0,0.0,0.0,0.0,0.0,0.0,0.0,0.0,0.0,0.0,0.0,0.0,0.0,0.0,0.0,0.0,0.0
-_6.jpg,0.0,2.3011810426290182e-06,0.00020627399195750792,0.0010710306805351974,0.001194984882324798,0.0010013164987693677,0.0008312390216318,0.0002640232084183183,3.854962278397693e-06,0.0,0.0,4.518452933937279e-08,4.077855416428671e-06,2.2261071792415236e-05,2.472490636232118e-05,2.009036916146387e-05,1.5954752399815926e-05,5.16045525171921e-06,7.571318753597243e-08,0.0,0.0,5.7343634578604404e-08,7.256807985655956e-06,1.976909958857875e-05,3.3703851022634645e-05,9.134119995314556e-05,0.00011634254381984344,8.00786090683685e-05,7.159273367507393e-06,1.8131388828340042e-08,0.0,7.881360009501083e-06,0.0012085692509685073,0.005237711190803747,0.006789299969566187,0.0102123331627248,0.011105719883082833,0.007782378120111715,0.0007073212097270791,1.8018433235593719e-06,0.0,2.1228269951140174e-05,0.004258162099170477,0.026680179759434257,0.025840588740616448,0.019636919956756947,0.017303238937904114,0.01233044143053632,0.0011393078109260676,2.9207193359809414e-06,0.0,1.2005894336371919e-06,0.0003352341031570596,0.002710188395772995,0.0019106007189218979,0.0006666041256664574,0.0004403091699312402,0.0003185099732456645,2.991948077881137e-05,7.722909201385956e-08,0.0,5.847667108019123e-11,7.786610375504526e-08,7.825645700247203e-07,1.5830690544644096e-07,6.256436229524332e-10,0.0,0.0,0.0,0.0,0.0,0.0,0.0,0.0,0.0,0.0,0.0,0.0,0.0,0.0,0.0,0.0,0.0,0.0,0.0,0.0,0.0,0.0,0.0,0.0,0.0,0.0,0.0,0.0,0.0,0.0,0.0,0.0,0.0,0.0
-_7.jpg,0.0,0.0,0.0,0.0,0.0,0.0,0.0,0.0,0.0,0.0,0.0,1.4395859577630142e-06,2.802560166002325e-05,1.4630540017689617e-05,2.474168326211655e-07,0.0,0.0,0.0,0.0,0.0,0.0,0.00021582673993236,0.004951327402043912,0.004728597978420175,0.0015875217133783162,0.0013277116720108307,0.0011933032666606956,0.00015446736822084188,5.654147522843e-07,0.0,0.0,0.0005479211020958704,0.015941369635126563,0.031110479351342413,0.025637802229275003,0.023373724498123735,0.016941484983775523,0.001817718745266976,5.978722399078298e-06,0.0,0.0,2.3962899629010317e-05,0.0010270902822468342,0.00476341392988497,0.006996578563378729,0.006712430443117151,0.004059587140318082,0.00035701826813811513,1.0312885880034382e-06,0.0,0.0,3.579331939417761e-10,5.686921662314818e-07,1.3314239525702705e-05,3.146598326866692e-05,3.1382501866255814e-05,1.6335701498444496e-05,1.1738125327750388e-06,2.901807633055605e-09,0.0,0.0,0.0,0.0,0.0,0.0,0.0,0.0,0.0,0.0,0.0,0.0,0.0,0.0,0.0,0.0,0.0,0.0,0.0,0.0,0.0,0.0,0.0,0.0,0.0,0.0,0.0,0.0,0.0,0.0,0.0,0.0,0.0,0.0,0.0,0.0,0.0,0.0,0.0,0.0,0.0
-_8.jpg,0.0,0.0,0.0,0.0,1.9497810978141446e-10,1.9163215894967094e-07,3.2409022838352453e-06,1.3991228782431165e-06,1.2733155788652059e-08,0.0,7.377165614333257e-09,1.1656027928666876e-06,6.1657250667762e-06,4.8085067024919616e-05,0.00038752575379303233,0.0019336417325070186,0.003629699843461381,0.0007702866439621143,5.443236689941162e-06,0.0,2.3120820166132013e-06,0.0004989057212936954,0.003514035804346805,0.007236171173016192,0.015619235651310567,0.026097545092528245,0.027979821004592585,0.005102295758479286,3.395902312727832e-05,0.0,1.1692227105561464e-05,0.002926997555257215,0.022651739545411265,0.0248681429169257,0.015790811039299663,0.007600834246668433,0.0037035890953821798,0.0005572593365252983,3.4753701575744267e-06,0.0,1.077175405479826e-06,0.0003103348807389817,0.0025575928902838553,0.0018256588046583575,0.0003969456435748432,5.1635429067170895e-05,3.65698648850229e-06,3.069689452110909e-08,1.017691436950559e-11,0.0,3.262075903540254e-11,2.5417328098160382e-08,2.1964558301314595e-07,3.926004565239764e-08,1.6288053342309934e-10,0.0,0.0,0.0,0.0,0.0,0.0,0.0,0.0,0.0,0.0,0.0,0.0,0.0,0.0,0.0,0.0,0.0,0.0,0.0,0.0,0.0,0.0,0.0,0.0,0.0,0.0,0.0,0.0,0.0,0.0,0.0,0.0,0.0,0.0,0.0,0.0,0.0,0.0,0.0,0.0,0.0,0.0,0.0,0.0,0.0
-_9.jpg,0.0,0.0,0.0,0.0,0.0,0.0,0.0,0.0,0.0,0.0,0.0,8.753299631819136e-10,1.6907107510199235e-07,2.4400763665008287e-06,7.062929050220335e-05,0.00047954994800380286,0.00039398622133144854,1.432515615661714e-05,0.0,0.0,0.0,1.0581368266679016e-06,0.00030171953727766213,0.0029113752770862913,0.009725921585649281,0.024894641588057844,0.01532435401533766,0.0005333743848708777,0.0,0.0,0.0,1.0207617494322651e-05,0.003305057893670334,0.030253193918954854,0.035641561897830076,0.025311902524073088,0.009619995547912395,0.00031403731501603304,0.0,0.0,0.0,1.7336639360914142e-06,0.0006257980916273497,0.005579183761068205,0.003422055066962267,0.000597980989744225,9.932125256544189e-05,2.9235241698803586e-06,0.0,0.0,0.0,4.365546290925399e-09,1.8477997988009654e-06,1.6127797690187236e-05,4.69446976072445e-06,4.620383959752991e-08,0.0,0.0,0.0,0.0,0.0,0.0,0.0,0.0,0.0,0.0,0.0,0.0,0.0,0.0,0.0,0.0,0.0,0.0,0.0,0.0,0.0,0.0,0.0,0.0,0.0,0.0,0.0,0.0,0.0,0.0,0.0,0.0,0.0,0.0,0.0,0.0,0.0,0.0,0.0,0.0,0.0,0.0,0.0,0.0
o_1.jpg,0.0,0.0,0.0,0.0,0.0,0.0,0.0,0.0,0.0,0.0,0.0,0.0,3.4505890552349007e-10,2.942225597171925e-06,0.0001910344586628435,0.0008900933313182581,0.0005145598770103082,3.794365756506771e-05,1.9003093100082846e-07,0.0,0.0,0.0,1.1824737372229954e-06,0.0005695723719130605,0.011403322392701793,0.028846005659899095,0.022198344543962086,0.0041543391793436935,5.906649285284515e-05,0.0,0.0,0.0,4.13659895876981e-05,0.006389489374316364,0.03167297107107248,0.019611312024284573,0.02695259644479422,0.02134999939936362,0.0007957940077272087,0.0,0.0,0.0,0.00016422393821481187,0.012675643108838865,0.018991754964664074,0.0008858106913773116,0.006987874252546317,0.023559114050889483,0.0014868503886210423,0.0,0.0,0.0,0.00021145375041568034,0.01394542769305123,0.01625796581762596,0.0005320016111089276,0.009735759150829745,0.022946947928328448,0.0011725464606124945,0.0,0.0,0.0,0.00010625528622764058,0.010344167511130032,0.024927714785408374,0.009529817489378823,0.030876701394094905,0.015242397484678961,0.00034852634626497843,0.0,0.0,0.0,8.419629259227196e-06,0.0022381221835218773,0.018346702907255465,0.029403983752212884,0.020175331268657934,0.0017411038034775815,1.1293541022611705e-05,0.0,0.0,0.0,3.756150802147872e-08,4.360447176747796e-05,0.000830256266749587,0.002512152053014624,0.0008189320237329671,1.73001488159523e-05,1.006658082963497e-08,0.0,0.0,0.0,0.0,6.268343622363109e-12,3.285329609712719e-09,2.445902471370234e-08,3.810379782992582e-09,1.0555477441658633e-11,0.0,0.0
o_10.jpg,0.0,0.0,0.0,6.644602909685692e-07,5.1068042014255505e-05,0.00016852855438145923,2.9291460602160848e-05,1.9729310401583348e-07,0.0,0.0,0.0,0.0,2.0364291382506218e-07,0.00021566985606929202,0.0066609650403165474,0.016301830594044043,0.00422490040953781,7.119813930686425e-05,9.827056219116153e-09,0.0,0.0,0.0,3.159060498922638e-05,0.004521264650345823,0.031865183692884345,0.03540685382520015,0.025645407764303456,0.0017491257570498818,3.531869276023174e-06,0.0,0.0,0.0,0.0004412259625374773,0.017391274302107063,0.021838656325205683,0.004914696468355647,0.027767149815148582,0.008289651105204878,6.156136833669848e-05,0.0,0.0,0.0,0.0010912526188327839,0.022568593519841397,0.008739588511259623,0.0008422016467178479,0.02140546663007527,0.012069332263063259,0.0001269931597858876,0.0,0.0,0.0,0.0011439195113224936,0.0228259937230088,0.00801606006320134,0.0037426883605033417,0.029400461963122033,0.007407968246764667,4.563034491362543e-05,0.0,0.0,0.0,0.0006994481046791198,0.021073478614643766,0.018670358007607316,0.02198681648834829,0.026140249851163908,0.0016292986860885993,2.1544458673190046e-06,0.0,0.0,0.0,0.00014197868088928282,0.01013436883597368,0.03555376172030466,0.03024747583371081,0.00649248836745239,9.006099187900839e-05,4.4928471026347044e-09,0.0,0.0,0.0,2.8374835027222968e-06,0.00039311852785709964,0.0022937015763962463,0.0015498309353676706,0.00014246587492931282,5.704537805464328e-07,0.0,0.0,0.0,0.0,0.0,0.0,0.0,0.0,0.0,0.0,0.0,0.0
o_2.jpg,0.0,0.0,0.0,0.0,0.0,0.0,0.0,0.0,0.0,0.0,0.0,0.0,0.0,1.514311641438764e-07,9.661581216151876e-05,0.0019005103005363994,0.0024094128784934903,0.00022990369006354499,1.082735748650739e-06,0.0,0.0,0.0,0.0,2.93999206317447e-05,0.004064175231440041,0.030816378333888908,0.03572221315284397,0.008037231594114538,0.00011503429914555831,0.0,0.0,0.0,1.6736285235577286e-08,0.0005056315712222945,0.017979415755168475,0.02494800443981396,0.019895852398123186,0.023326054345546948,0.001052300127606055,0.0,0.0,0.0,2.8053547744296993e-06,0.002374406733170976,0.02594723137038844,0.0071848388998940575,0.005685708752407766,0.02529866784879902,0.002081199796287606,0.0,0.0,0.0,3.302675927714162e-05,0.00634687483086621,0.02525136919369493,0.002293706774222063,0.007422379048389065,0.025524223876031617,0.0017931772065460268,0.0,0.0,0.0,8.686064552206101e-05,0.010344510993636081,0.024932642362549134,0.00903419665488164,0.02788644207080903,0.020239398938540196,0.0006080692572731964,0.0,0.0,0.0,3.402164548006367e-05,0.006661595792281504,0.042581113611012876,0.043906878924735174,0.02896638058801668,0.004168070719082101,3.8216453691573874e-05,0.0,0.0,0.0,1.6577359151471607e-06,0.0007346720924872063,0.007544671434459289,0.005552010841990477,0.0012624287039628796,5.821722374442968e-05,1.5321059379083942e-07,0.0,0.0,0.0,6.171242156261213e-09,3.1194143829091535e-06,3.118740563779948e-05,1.147551575328556e-05,1.7313864087036854e-07,1.0030977080099933e-12,0.0,0.0
o_3.jpg,0.0,0.0,0.0,0.0,0.0,0.0,0.0,0.0,0.0,0.0,0.0,0.0,3.3818508165265584e-10,2.9909945411127577e-06,8.709585788790098e-05,0.00012285944415509658,1.2299354965177747e-05,5.8712829874912996e-08,0.0,0.0,0.0,0.0,1.370769208129101e-06,0.00062934869230204,0.010297303700327866,0.014329907864744366,0.002833621380715513,4.449112375175349e-05,7.815540395729951e-10,0.0,0.0,0.0,9.202428298355193e-05,0.008074642551473993,0.035055534460023276,0.036345992221842496,0.02302810415382058,0.0011160255758431315,5.144195879563824e-07,0.0,0.0,0.0,0.0006914271935312807,0.020542927112839813,0.016146105796280025,0.00580617948227548,0.026721669422833116,0.0035162485033962453,7.2879953894741754e-06,0.0,0.0,0.0,0.0009806640031055666,0.022262308236020354,0.009857269697323591,0.00432432861461827,0.02617451841384615,0.0034721483401601964,6.969439445076202e-06,0.0,0.0,0.0,0.0003458370256606711,0.015817859996659793,0.02359522211063278,0.019203611246588388,0.02331399854575617,0.0012084362413089487,4.6625740134830354e-07,0.0,0.0,0.0,2.3393255331224945e-05,0.0038611872820996517,0.026289336288507298,0.02779792655587024,0.0066276396515742705,8.625070419345966e-05,6.805282523988146e-10,0.0,0.0,0.0,1.5872197815676193e-07,0.00010763690238612551,0.0017041092520755905,0.0019174634272526275,0.00019482516210528797,6.943250659927554e-07,0.0,0.0,0.0,0.0,0.0,1.3820752293710374e-08,6.324883363665697e-07,6.674699058673818e-07,1.970935468906216e-08,0.0,0.0,0.0
o_4.jpg,0.0,0.0,0.0,0.0,0.0,0.0,0.0,0.0,0.0,0.0,0.0,0.0,1.3179877752151905e-07,3.384961423663458e-05,0.00033464006389916735,0.0002625956561522216,1.5242063214342607e-05,2.485831033681404e-08,0.0,0.0,0.0,0.0,2.773557959895192e-05,0.0033991673846009247,0.02041653847025389,0.017397354075119068,0.0019371171823223475,1.0963157552654793e-05,0.0,0.0,0.0,0.0,0.0003584380077995597,0.016449739060708974,0.030935701978769478,0.03243879904390635,0.014268062012585913,0.0002910275370816518,0.0,0.0,0.0,0.0,0.0012247983999020163,0.02282484817170024,0.009004291685461683,0.010434067045798946,0.022801448214152517,0.0010703031554492233,0.0,0.0,0.0,0.0,0.0018785922779899619,0.024089954110363226,0.005760322427719467,0.0117150867631385,0.02236683125162104,0.0009822680569144793,0.0,0.0,0.0,0.0,0.00146523864354023,0.024812311988015468,0.018630037471491695,0.03246735725931795,0.012424623434604178,0.0002264275211197126,0.0,0.0,0.0,0.0,0.0002529693129174051,0.009708522431401245,0.0190653683637551,0.013292788593688846,0.0011270739550540063,5.511194735366184e-06,0.0,0.0,0.0,0.0,3.211964776648607e-06,0.00021701161761479272,0.000526725905332021,0.00020397184775617733,6.419790297837992e-06,3.4874808431840817e-09,0.0,0.0,0.0,0.0,0.0,0.0,0.0,0.0,0.0,0.0,0.0,0.0
o_5.jpg,0.0,0.0,0.0,1.314007458473316e-08,3.1380851634534165e-06,2.2185825782725988e-05,7.608024333177127e-06,1.1274907599508722e-07,0.0,0.0,0.0,0.0,1.030980601044606e-10,2.105518779209421e-05,0.0015465481632897819,0.006870747932566034,0.0034662685451174614,0.00017674027489963386,3.777226354926309e-07,0.0,0.0,0.0,5.736942366873007e-07,0.0008137431328664858,0.01944792137882477,0.03929557164717347,0.03237169167678682,0.005458889985075541,5.43215844339147e-05,0.0,0.0,0.0,1.9029435584443355e-05,0.004820412393505537,0.028186660713775697,0.008202428574053441,0.020291729617432776,0.01969699404483347,0.0006194470134609801,0.0,0.0,0.0,5.4685416499464884e-05,0.00825198121157555,0.022255295119067438,0.001206027552166898,0.008580698066012856,0.022349274092227905,0.0010689934989599505,0.0,0.0,0.0,5.460329395280386e-05,0.00826900516558321,0.022625958994125495,0.002361483529951582,0.017748410586049805,0.01973716747573292,0.000607771677780485,0.0,0.0,0.0,1.912679312544136e-05,0.004500461602954663,0.026380362763735083,0.025265143563640808,0.0339585398048725,0.007131919672334822,7.693042926649184e-05,0.0,0.0,0.0,5.315971721320032e-07,0.00030841983920067595,0.007845246494902997,0.022200706264849,0.007482963586021491,0.000326125476076879,8.708452217482515e-07,0.0,0.0,0.0,9.855095855575647e-13,1.815217482537575e-06,0.00016685563366219117,0.0005154695958671701,7.762192195074857e-05,7.234051154539107e-07,2.482863216821464e-13,0.0,0.0,0.0,0.0,0.0,0.0,0.0,0.0,0.0,0.0,0.0
o_6.jpg,0.0,0.0,0.0,1.9786755166133533e-09,1.383127561701036e-06,2.1132197326941462e-05,2.1793791456946685e-05,1.536208376893445e-06,2.6607949710602506e-09,0.0,0.0,0.0,0.0,7.427926220093601e-06,0.0009238004714146977,0.006841166221675569,0.0069292065150439236,0.0009396392392591288,6.850365188784515e-06,0.0,0.0,0.0,2.0117166852174705e-07,0.00044620675290373853,0.015457419532913935,0.04196755199610304,0.04164376512181049,0.014208946578066862,0.0003071982418870913,0.0,0.0,0.0,1.3478859329888584e-05,0.004007797616737426,0.030477284953335196,0.011212680603636536,0.012141004335939759,0.025912271467749468,0.0016528648648040133,0.0,0.0,0.0,7.774623496438463e-05,0.009723539482122496,0.024051624970385342,0.0014090118984117518,0.005622523621807432,0.02623126608923136,0.0022072960106492407,0.0,0.0,0.0,0.0001229266744027114,0.011753978916594576,0.019495994791439927,0.0008002743864673086,0.012033214001800335,0.0250844077293624,0.0012467481563658343,0.0,0.0,0.0,0.00012675871048758837,0.012053256671438056,0.023699800315063607,0.012696137549872576,0.03407870471907671,0.014399168192672672,0.0002451831118035591,0.0,0.0,0.0,7.167451786526007e-05,0.009535535312569348,0.04442391624337769,0.041935372647205385,0.022624191126275953,0.002023055436463479,9.414371008884342e-06,0.0,0.0,0.0,3.989739398980427e-06,0.0007329147585878964,0.004392082058633856,0.003165008095317017,0.0006860745158987439,2.002420585687717e-05,2.022275367158723e-08,0.0,0.0,0.0,2.5203514336904918e-09,6.569711299121746e-07,3.2198798546429466e-06,3.2243031562992097e-07,3.467564335537046e-10,0.0,0.0,0.0
o_7.jpg,0.0,0.0,0.0,0.0,0.0,0.0,0.0,0.0,0.0,0.0,0.0,0.0,1.1441763747294389e-08,6.4140945415231594e-06,0.00010768989814274166,0.00014792213515432681,2.338847307349213e-05,2.0395674645671814e-07,0.0,0.0,0.0,0.0,7.85478754893177e-06,0.0013865816256641488,0.012148903327051964,0.015384086033165843,0.004084289472417674,8.502682415082347e-05,1.1916006465629626e-08,0.0,0.0,0.0,0.00016959162395642328,0.01199063441782552,0.033766750607634864,0.031894244872152734,0.025278223051415135,0.0017202738129003165,2.3606368056955147e-06,0.0,0.0,0.0,0.0005293752019565116,0.018636040809147252,0.01293145619200944,0.003964002976064025,0.02632564862945445,0.004906636889929055,1.6705967388074144e-05,0.0,0.0,0.0,0.0006579524529535566,0.019618678422757687,0.010276441053488749,0.003978016224058142,0.02584783675009578,0.004144029425472593,1.1475406906779387e-05,0.0,0.0,0.0,0.00047375821798790053,0.018491963553594587,0.022380710101414274,0.026771015833611952,0.02431631939985032,0.0014280104004070304,8.520339422904314e-07,0.0,0.0,0.0,7.880584784009212e-05,0.006125896270029296,0.019240312422920333,0.016751443321406333,0.00420422417222393,7.922892635796411e-05,2.159957645150892e-09,0.0,0.0,0.0,7.794086872031913e-07,0.00010596083632230833,0.0004684594853193782,0.0002516688293982771,3.027461502556986e-05,1.9392939562830868e-07,0.0,0.0,0.0,0.0,0.0,0.0,0.0,0.0,0.0,0.0,0.0,0.0
o_8.jpg,0.0,0.0,0.0,0.0,0.0,0.0,0.0,0.0,0.0,0.0,0.0,0.0,1.0732178419592455e-06,0.00020633856243530997,0.0021244512326660256,0.002212285523717458,0.00025536385844189725,1.599887887255998e-06,0.0,0.0,0.0,4.872160808055873e-13,0.00014406970438025866,0.008368994791658008,0.0355564236409362,0.03625843632153064,0.009224143722449299,0.00015717200780579135,4.3011987679028214e-11,0.0,0.0,4.161200975126358e-11,0.0014316518468599354,0.02552701270985243,0.019903485869127126,0.01872583348170085,0.024961014229525604,0.001417312617104675,2.0351429856923446e-08,0.0,0.0,1.0208873164519698e-10,0.0025518117909609597,0.025439665457198782,0.004673922681472973,0.0043211165689807365,0.025538617298867927,0.0028655994067338163,1.6915729321967142e-07,0.0,0.0,3.07476048633638e-11,0.0023585848423082214,0.025444260471795474,0.0049553592840633365,0.0075944242282502,0.026026023175881836,0.002133259705463991,3.6147598439881446e-08,0.0,0.0,1.0647335778681592e-12,0.0015770562124933617,0.02652067434617892,0.017116372683382498,0.02690449983178446,0.018262771917638605,0.0005102889842819378,2.20482977967488e-10,0.0,0.0,0.0,0.000540334745429388,0.019138851052652953,0.045148386569635796,0.03127353415704569,0.0037133113416800414,2.4909020241981283e-05,0.0,0.0,0.0,0.0,1.5975849786651707e-05,0.0010146350137260108,0.0053264638083486675,0.0025954272767783827,8.655418570281997e-05,1.0448779552048436e-07,0.0,0.0,0.0,0.0,6.973287291180265e-10,1.0365346602299937e-06,1.3935570032691569e-05,4.783109061678279e-06,4.1054059514655777e-08,0.0,0.0,0.0
o_9.jpg,0.0,0.0,0.0,0.0,0.0,0.0,0.0,0.0,0.0,0.0,0.0,0.0,1.4119100546003654e-07,7.816185087626071e-05,0.0011746226137662216,0.0016077453468277612,0.0004358371475403376,1.0599711794431174e-05,2.3101890235365185e-09,0.0,0.0,0.0,1.7657141280529868e-05,0.0034221108503951657,0.026896023934395462,0.03354689955306753,0.016602774117379527,0.000977285652401016,1.8143452991847491e-06,0.0,0.0,0.0,0.00019806124791019273,0.013216519989642678,0.025496432511817112,0.014509143315340277,0.030339983355408894,0.006813004770185833,4.06759851746663e-05,0.0,0.0,0.0,0.0005743350375558453,0.019736887025992265,0.012636871208315822,0.0011092454322360534,0.02187427135900399,0.010379347746939584,8.919200146160106e-05,0.0,0.0,0.0,0.000744272762739012,0.02136729997538948,0.010603477758891595,0.0030993856029531645,0.027518815601492438,0.007292814420121507,4.2363093835519074e-05,0.0,0.0,0.0,0.0007019868178880491,0.021147344954497466,0.012856305519053897,0.017729237862411394,0.026488538966024752,0.0019331693277588901,3.3504204010617465e-06,0.0,0.0,0.0,0.0003489106368480457,0.015646806063572095,0.026986481288623788,0.032403747694646025,0.007617042070043528,0.00011270664412865172,1.3952884841792016e-08,0.0,0.0,0.0,2.006984895317843e-05,0.0013229529204488678,0.003985572868587025,0.003828387180265997,0.0003000602896463291,8.965650799558293e-07,0.0,0.0,0.0,0.0,2.2092107261895227e-08,2.2931899013704905e-06,1.110683433054245e-05,9.585568391187265e-06,3.4776783857033057e-07,5.2002826610439124e-14,0.0,0.0
x_1.jpg,0.0,0.0,0.0,0.0,3.6550853863159744e-08,2.9873973045585306e-05,0.00034125874167059895,8.333433042563512e-05,3.849133572112069e-07,0.0,0.0,0.0,9.83823686168073e-06,0.0001707395489659163,6.897510997254814e-05,0.0021564384567675683,0.012744123155489381,0.002244616172488127,8.272580313937749e-06,0.0,0.0,0.0,0.00037274598661478245,0.007951714125428775,0.00411972939822575,0.013641972517845513,0.02007949614258106,0.0015640852449019234,3.222950243659315e-06,0.0,0.0,0.0,0.00040453195246718116,0.015306431106546921,0.02114176969006807,0.02018252455783589,0.004270115326811807,6.001741728094793e-05,2.3206356562934755e-08,0.0,0.0,0.0,4.177214208397342e-05,0.006456714624447564,0.035300074086098136,0.010980319754534099,0.00028400449812988475,2.9982896106214913e-07,0.0,0.0,0.0,6.482343821889208e-08,0.0001983736966807457,0.00949928492511363,0.032691253206699925,0.006905336539448427,4.397511621756545e-05,3.729035427147576e-14,0.0,0.0,0.0,1.21098748410107e-05,0.0024959047177743067,0.019091859257223575,0.01917024025380609,0.011037946906395011,0.00019266678689272706,9.23716821878378e-13,0.0,0.0,0.0,0.00017548493253444797,0.010585768748866098,0.01762471797404992,0.00998743743203736,0.01840906865257243,0.0008038387710567834,1.5231417354170878e-10,0.0,0.0,0.0,0.00011940267773510762,0.004635337227434348,0.0036490421186128807,0.0026587103546506534,0.009856833667085264,0.0007324741007476921,4.2973850457149306e-10,0.0,0.0,0.0,2.000327555932014e-06,6.572464303342547e-05,3.9340648657102464e-05,5.388349561663079e-05,0.0002644750899573625,2.4009811820068733e-05,2.0826039691899797e-11,0.0,0.0
x_10.jpg,0.0,3.398218492120628e-06,0.00039945906029849163,0.0009779992181937892,5.4270283984232676e-05,3.123562612597327e-05,0.0002310679361823638,5.046445055967684e-05,2.3780256209668114e-07,0.0,0.0,3.1808186614105094e-05,0.00461315434695634,0.016455012034148765,0.0018158822681356073,0.0035461253148905657,0.012460529435676425,0.0019966477492774893,7.973742119226118e-06,0.0,0.0,5.565808982876465e-06,0.001720959031678612,0.01796176031449357,0.010922201656137357,0.020959023220816497,0.01815068939771367,0.0015324190254148828,4.5469167761417225e-06,0.0,0.0,2.1685912182174008e-08,0.0001361582456884404,0.008813779637111703,0.031376321537737055,0.014467549324550466,0.0014676259586188206,2.8520424545139093e-05,4.423776665208549e-08,0.0,0.0,4.886989239960103e-06,0.001067741068407508,0.014902939207009702,0.027452175038471166,0.007167965653068372,0.00010174936630396377,1.1160834134687893e-08,0.0,0.0,0.0,0.00021856848567941608,0.008967597926314436,0.017935298804793172,0.008982201991694402,0.013401357492739616,0.0008789688062371321,9.334209344498399e-07,0.0,0.0,0.0,0.0005151335934398825,0.00977132929699173,0.005054927421091768,0.0018001086980735863,0.01499997748005897,0.003554435548365227,1.8973650136279847e-05,0.0,0.0,0.0,3.185406880576588e-05,0.00045381357616655675,0.00013192633475601993,0.0003377814528344053,0.00893337378780111,0.004655141645296501,4.5381624314841094e-05,0.0,0.0,0.0,6.156251112990101e-11,5.972550691610009e-10,9.948133840705766e-11,2.0859786145717875e-05,0.0007900395131409128,0.0005286168527407706,6.210709593496212e-06,0.0,0.0,0.0,0.0,0.0,0.0,4.5784327175763787e-08,2.004301141985571e-06,1.5081602009149498e-06,1.9503332506071944e-08,0.0,0.0
x_2.jpg,0.0,0.0,4.769461675698133e-06,7.771418389014933e-05,2.2519353307901658e-05,1.3678944898820013e-06,1.2296350161742042e-06,2.0881704961424727e-08,0.0,0.0,0.0,0.0,0.000287078067033231,0.005499308462681972,0.002111932744410203,0.0009867181749076198,0.0006839413712236076,9.456017807087982e-06,0.0,0.0,0.0,0.0,0.0004838808657766199,0.014733052667574261,0.014064617797353528,0.016462020458907035,0.006839504871441966,7.20976851653042e-05,0.0,0.0,0.0,0.0,4.767307632849248e-05,0.004723126195751498,0.028923553694074094,0.027439238023207503,0.002968584634691384,1.4286303352498682e-05,0.0,0.0,0.0,0.0,1.841783781334085e-05,0.0031163624226144618,0.027327964961865202,0.02437237399492339,0.00238207436569743,9.738221302447493e-06,0.0,0.0,0.0,0.0,0.0003380526445963128,0.012646559224459255,0.016592392182761498,0.016578865800938803,0.008113584557985951,9.147987273626139e-05,0.0,0.0,0.0,0.0,0.00045780765156764637,0.009148362618415274,0.004202772163507064,0.011207271309019362,0.009794993281929374,0.0001489077460674192,0.0,0.0,0.0,0.0,1.790830141798128e-05,0.00028856514768458365,0.00012011088401286568,0.001795155376762262,0.0016290598939946903,2.531576659927632e-05,0.0,0.0,0.0,0.0,0.0,0.0,2.011188263044458e-07,1.0601193135946301e-05,9.566475285071448e-06,1.477792233882562e-07,0.0,0.0,0.0,0.0,0.0,0.0,0.0,0.0,0.0,0.0,0.0,0.0
x_3.jpg,0.0,0.0,2.6080872954885206e-07,3.5474184703808075e-05,9.020236971717386e-05,2.7150782033778903e-05,0.0009769892590853996,0.0012657834545364056,3.7787694578103796e-05,0.0,0.0,0.0,1.2446443005574623e-05,0.002009554276045456,0.006676233418965168,0.0017551435283341423,0.014444416327654572,0.009778002993387701,0.000219618955310418,0.0,0.0,0.0,1.2255658403977926e-05,0.0032777478316677704,0.021849564545741523,0.014673213532616476,0.017218024271724544,0.002663581385935094,2.763973877176798e-05,0.0,0.0,0.0,5.425380029826977e-07,0.000669738044045962,0.018629819240128572,0.027463533213094693,0.003912577948309163,7.059683924180714e-05,8.044245715815025e-08,0.0,0.0,3.848482562551687e-09,3.828138184438148e-05,0.0034214549604262992,0.02051174442497123,0.020938133549094337,0.002044058730483721,5.490968660915493e-06,0.0,0.0,0.0,2.595689172251285e-06,0.001039133002214793,0.01471845036154228,0.011851270796593153,0.013391500752365207,0.0056046195557754065,5.8593253609983335e-05,0.0,0.0,0.0,3.956517460702901e-05,0.005260082806199457,0.018552686423428583,0.0025448105314568874,0.0082340774568597,0.010699402376884484,0.00030750557015710276,1.7210264361280175e-09,0.0,0.0,1.6169281089825644e-05,0.0015135178332093785,0.002881780943215176,0.0001559577695863199,0.004570611420293483,0.01583958332901998,0.0011921005532673301,6.20020033060656e-07,0.0,0.0,1.381700123867675e-07,1.1171190557678366e-05,1.643692770732138e-05,3.578281268288543e-06,0.0015819370724552855,0.011540567270007839,0.0016620323348147102,3.541967015156228e-06,0.0,0.0,0.0,0.0,0.0,3.321073550256558e-08,6.641918496814918e-05,0.0006592792338932266,0.00012012679480865133,3.6968111909350656e-07,0.0
x_4.jpg,4.268849335020888e-09,7.774431498291935e-07,2.457959094548255e-06,1.426722859581798e-07,5.226157512814371e-05,0.002571120516173078,0.0035094763084954983,0.00010485859230092591,0.0,0.0,1.5618762404745e-06,0.00035767764168538857,0.0016270970570732338,0.00020122006683805302,0.0012375815053395972,0.017065642119385507,0.010619209954885625,0.00021408200690866216,0.0,0.0,9.226017597508784e-06,0.0028414111078244888,0.0205389279816511,0.007345262591721316,0.007193342288297901,0.01688673747770169,0.0020270686356742744,1.2850239984794184e-05,0.0,0.0,1.031219822087565e-06,0.0006049180201872039,0.011067790290514554,0.022804716890678648,0.022643373979865027,0.007214101442319521,0.0001274646746264595,3.393465671459251e-08,0.0,0.0,1.2374004867306528e-09,4.557355338281414e-06,0.0004651433247557676,0.010914470325044782,0.032180157344855104,0.011925303377692827,0.0009441265041475809,7.548830839694882e-06,0.0,0.0,0.0,4.058239237402988e-07,0.0005974559919067896,0.012245061703824967,0.011548759725475019,0.017660399335416202,0.010053970979786154,0.0003376959596644669,3.785530018405335e-08,0.0,0.0,2.097432925666788e-05,0.0035149675537849757,0.016813713926079013,0.0025815605979000577,0.00506090356715954,0.019468403963253906,0.002116869990876123,3.09384787334298e-06,0.0,0.0,0.00010151716368970618,0.006921150396383219,0.010698135547039037,0.00042278547872374447,0.0013953456267488608,0.0147963034957069,0.0029063518873970505,9.960731319596757e-06,0.0,0.0,1.9175589273683253e-05,0.0009746852141543987,0.0009443087717775384,1.830245039166327e-05,8.927973536723474e-05,0.0012046919106956026,0.0002843978291800815,1.1693203882216014e-06,0.0,0.0,7.465363580879813e-08,3.2620592035629974e-06,2.501989727957453e-06,3.377981868618124e-08,1.5346395615523893e-07,2.343424910162291e-06,6.151252276820861e-07,2.7746761608614805e-09,0.0
x_5.jpg,0.0,1.2508857777314766e-06,0.00014712662460402513,0.0010948059197368964,0.0010012482527847755,0.0007310175480971244,0.00044594014469222324,0.0001254540482158026,1.573103717858528e-06,0.0,0.0,2.2205873274499026e-08,0.0004737908021724119,0.00984988076877457,0.004136672697735834,0.00021714008399600785,0.002592063288451254,0.0012016315920511207,1.3031122868230141e-05,0.0,0.0,0.0,0.00036872079283804165,0.013657981311991765,0.015395674642712145,0.005346962354478109,0.02443943848712495,0.00687211483475495,6.119310061238632e-05,0.0,0.0,0.0,2.318486202525735e-05,0.0032206061424423886,0.02103452276180349,0.02389477615400057,0.014508744590107226,0.0010678838787668214,5.011783845887676e-06,0.0,0.0,6.326052670972119e-12,6.470404386706288e-06,0.00132567788867479,0.022190191712512585,0.02984601095569707,0.0025978735625185184,1.4605157712706606e-05,2.0978435574421268e-09,0.0,0.0,7.31227484548049e-07,0.00042264807240991863,0.010280523531155605,0.01934575361863259,0.018145516296784042,0.005394974779641709,5.329536238447141e-05,0.0,0.0,0.0,4.0454720686166854e-05,0.005019146612605133,0.021471713047844725,0.005259748759585079,0.00915122500872611,0.011313285116346154,0.00031344165782684293,0.0,0.0,0.0,7.453789501472814e-05,0.00545451845009926,0.008717609643983004,0.00043868871093449965,0.005471927724466025,0.01506728570317857,0.0007466894186441209,0.0,0.0,0.0,3.1549290316498585e-06,0.00019376118723130227,0.00022089233750256993,2.3351459275864807e-05,0.003856209785362899,0.014139716774457155,0.0009100105878381414,0.0,0.0,0.0,0.0,0.0,0.0,1.8475172681267433e-06,0.0004479072554405514,0.0019053225257752123,0.00014229553205001268,0.0,0.0
x_6.jpg,0.0,0.00024690902465598344,0.002813713463623607,0.0005631137744381271,1.9812551350061956e-06,0.0,0.0,0.0,0.0,0.0,0.0,0.001591426661017439,0.01762768920423638,0.0035249593949649876,2.7939830041911944e-05,0.0004581264758131636,0.0005047867646892086,1.4565860515966237e-05,0.0,0.0,0.0,0.000869052550510927,0.015669173026960036,0.007359110423404228,0.001496894816500695,0.013395171610063835,0.009371771947142634,0.00023827956967261451,0.0,0.0,0.0,0.00010165648375757205,0.006212893304978299,0.015427383717195368,0.013890063271565358,0.017801515488678293,0.0038513381937342736,6.795286832562417e-05,0.0,0.0,1.146821393196305e-09,1.205005866322874e-05,0.0019946147309667247,0.023022690939721573,0.021857635552949912,0.002717110732996418,6.783330052900802e-05,3.5790779979298845e-07,0.0,0.0,1.431768562555285e-06,0.0005963035898543258,0.010307648853675902,0.017762189655290465,0.016396323550259367,0.003081209851060678,2.8055917058119772e-05,9.35531653218324e-13,0.0,0.0,2.2118315637971876e-05,0.0036734184628860983,0.016131212600346806,0.0036240259201460326,0.008888194227520461,0.010405597502264868,0.0004361162683939883,1.1653625871565761e-07,0.0,0.0,7.66705697641426e-06,0.0009468065391532086,0.002327475965251725,0.00015318232440652006,0.0027716824685184013,0.015345908261260505,0.002072650049338201,4.72942964623575e-06,0.0,0.0,5.209425496692376e-08,5.6741634390819825e-06,1.0996003462393977e-05,5.824410527990887e-07,0.0011645798001163976,0.01642909497210151,0.0042248402416553005,1.9373157201774278e-05,0.0,0.0,0.0,0.0,0.0,2.908961477687735e-12,0.0003859548450350918,0.0072041338673157025,0.0023487308174746976,1.3393800668286785e-05,0.0,0.0
x_7.jpg,0.0,6.159445951227512e-07,0.0002182149990888623,0.0013475852603719847,0.0001854812794530671,8.825857496626054e-06,8.613930198002452e-05,1.990966416314049e-05,8.843834532375945e-08,0.0,0.0,4.189196685578679e-06,0.002138721436711262,0.019649524630729463,0.006277176882262006,0.0015770190541416315,0.008596337785237761,0.001492532847037525,5.488027098965185e-06,0.0,0.0,4.897097310722896e-07,0.0006047465718297936,0.014509193290227398,0.023171757846635346,0.01538539653805424,0.02588959910704873,0.002386001996310428,5.825518587626403e-06,0.0,0.0,4.4859101632323113e-10,9.171285839258335e-06,0.0013329586192389732,0.017940978184537337,0.03157331211003874,0.007978132967923409,0.00014673478565999635,1.0690459421614028e-07,0.0,0.0,0.0,3.478242142236819e-08,0.00019966580480459606,0.012966978169827831,0.03282291715605156,0.002550709399167663,2.8826736120259962e-06,0.0,0.0,0.0,0.0,7.117595711294214e-06,0.00184725066226818,0.01916877596559626,0.023703915418673994,0.0031110553346405984,9.03096391561271e-06,0.0,0.0,0.0,1.0553219438732074e-07,0.00022138657600213614,0.009220715323872062,0.016976450626318883,0.017485412039507764,0.004116579763582387,1.7938273251591442e-05,0.0,0.0,0.0,1.2610732016083196e-05,0.0031817703438243106,0.02225363558939495,0.006933387112807797,0.007778246958148666,0.002261310345826842,1.1498243951182806e-05,0.0,0.0,0.0,3.50378614662836e-05,0.005669016342637021,0.01796376836157848,0.0013318830634650957,0.0002512083072804226,7.917679464534115e-05,4.3371117691772993e-07,0.0,0.0,0.0,2.128758148908884e-06,0.0003040781401592923,0.0007818168341745151,3.741052729671826e-05,2.8372253546616685e-09,0.0,0.0,0.0,0.0
x_8.jpg,0.0,9.438446979829181e-07,0.00027228805630936,0.0014208451660932381,0.00015659952041434692,3.52363937708163e-07,2.226585786459518e-06,1.7029630499894018e-06,2.3283084161669166e-08,0.0,0.0,5.315063232350854e-06,0.0021940999497307516,0.017169414762159756,0.004253242548891278,0.00012771319860933043,0.001170544874297733,0.0005888604697894166,6.602965084933672e-06,0.0,0.0,5.690293134897392e-07,0.0006151857001472215,0.01292541284268193,0.016154372953829894,0.004561539604202476,0.014110845213077722,0.0039027841928213495,3.3336787018128043e-05,0.0,0.0,6.135775096853749e-10,1.2392675529501779e-05,0.0016044216641393438,0.016721413606914492,0.023053106224579546,0.010424781073499019,0.0007699175315562572,3.3817688720324373e-06,0.0,0.0,1.1011663885662932e-09,1.0034948361004401e-05,0.0012995146639011666,0.016491087137345012,0.025702838451260028,0.002628876450992875,1.2857768598868238e-05,4.2937830153431355e-09,0.0,2.5904597154476933e-12,2.3692038827766924e-06,0.0005890288043124428,0.009564227446851996,0.013460561937433613,0.015592152126369723,0.004858559550781701,3.393209784507087e-05,0.0,0.0,2.263700874884492e-07,0.00023840275410674946,0.0072121535080131825,0.01594039894096852,0.0031049864651099468,0.012007125137768885,0.007857178643831378,9.267299823128116e-05,0.0,0.0,2.489071312360205e-06,0.0014354151320861684,0.015005979508447908,0.0059343335020595545,0.00027768619865429394,0.00680555326611477,0.006045513495790609,9.587020251855221e-05,0.0,0.0,4.7294004914747856e-07,0.00022265789415524493,0.0016612725906868914,0.000286996775739787,7.595606370010768e-06,0.0003640278812474208,0.0003762725460526065,6.897551182559262e-06,0.0,0.0,1.5033335933007636e-09,6.031722561678556e-07,3.704465677114766e-06,4.0822161026565844e-07,1.7814127775603157e-09,1.1837084959453414e-07,1.5859703375518055e-07,3.6423942167856986e-09,0.0,0.0
x_9.jpg,0.0,0.0,1.3989997589521599e-05,0.0016167887901652116,0.0032252043743880143,0.00011185957143452989,1.3119084142950993e-05,9.49318288221365e-05,1.7837448967728062e-05,6.626183875793851e-08,0.0,0.0,5.013755550551874e-05,0.0067011339808661,0.0170273940370651,0.001004140757989796,0.002415133612179331,0.008420354960433283,0.0011884481246035126,3.6761919079740295e-06,0.0,0.0,1.0753062406563087e-05,0.0028448975905282607,0.019268172237791682,0.007798853672300577,0.018723582364132213,0.018828433094298026,0.0015516309963043418,3.4942705064078825e-06,0.0,0.0,1.5716635788730006e-07,0.0003106961510894032,0.011309522415052817,0.029321961648437096,0.013636091456052817,0.001737130199179392,4.610857160862789e-05,5.7077621116891465e-08,0.0,5.057848170738319e-10,1.0420778948040669e-05,0.0013247075697963686,0.014314834963709762,0.02703849191212739,0.008059557855923804,0.00013480869983992504,1.3569639902484011e-08,0.0,0.0,8.04255366209212e-07,0.0005342600034628499,0.010619854867855563,0.014322277360171198,0.008377601733429448,0.015203872380931776,0.0009645295736138499,2.869208745120152e-07,0.0,0.0,1.1952592471145112e-05,0.0029648724585306053,0.01656701764432106,0.0034439713428495184,0.0024603271162271785,0.01769163505724258,0.002513027782822446,5.13152822498253e-06,0.0,0.0,3.7423380463445987e-06,0.0007083458424875606,0.0024910821813604444,0.00018387249784467018,0.0005879890663330721,0.006167351617077831,0.0011217000560719147,3.4630390907482543e-06,0.0,0.0,2.2019851642662787e-08,3.784009645468275e-06,1.133998934466364e-05,5.937567558007507e-07,1.024041783269187e-05,0.0001142358670200489,2.1831409037782965e-05,7.146139780941771e-08,0.0,0.0,0.0,0.0,0.0,0.0,0.0,0.0,0.0,0.0,0.0
